"Url","Status","Type","Size"
"https://cdn-cookieyes.com/client_data/6b0ec7c2ba8c35fe20a4747655448461/script.js","200","application/javascript",
"https://cdn.jsdelivr.net/gh/SamCharpentier/greenstreet/GG05_Greenboard_Q2WebAnimations_Automation_v2%20(1)%20(online-video-cutter.com).mp4","404","",""
"https://cdn.jsdelivr.net/gh/SamCharpentier/greenstreet/GG05_Greenboard_Q2WebAnimations_Books%26Records_v2%20(online-video-cutter.com).mp4","404","",""
"https://cdn.jsdelivr.net/gh/SamCharpentier/greenstreet/GG05_Greenboard_Q2WebAnimations_Experience_v2%20(online-video-cutter.com).mp4","404","",""
"https://cdn.jsdelivr.net/gh/SamCharpentier/greenstreet/GG05_Greenboard_Q2WebAnimations_Privacy%26Security_v2%20(online-video-cutter.com).mp4","404","",""
"https://cdn.jsdelivr.net/gh/SamCharpentier/greenstreet/GG05_Greenboard_Q2WebAnimations_Tools_v2%20(online-video-cutter.com).mp4","404","",""
"https://cdn.jsdelivr.net/npm/@finsweet/attributes-cmsfilter@1/cmsfilter.js","200","application/javascript; charset=utf-8",
"https://cdn.jsdelivr.net/npm/@finsweet/attributes-cmsload@1/cmsload.js","200","application/javascript; charset=utf-8",
"https://cdn.jsdelivr.net/npm/swiper@8/swiper-bundle.min.js","200","application/javascript; charset=utf-8",
"https://cdn.prod.website-files.com","403","",""
"https://cdn.prod.website-files.com/67d0a8a9156b7b7bd46ffdfd/67f026b9ab2d5d4921c278d5_GettyImages-1883285959.webp","200","image/webp","27112"
"https://cdn.prod.website-files.com/67d0a8a9156b7b7bd46ffdfd/67f026b9db710d91760ae9e0_GettyImages-1247371820.webp","200","image/webp","190824"
"https://cdn.prod.website-files.com/67d0a8a9156b7b7bd46ffdfd/67f026b9e9062de0c126db75_GettyImages-1765762410.webp","200","image/webp","66016"
"https://cdn.prod.website-files.com/67d0a8a9156b7b7bd46ffdfd/67f0286c4dc0da6ba22a02f0_GettyImages-1952383224.webp","200","image/webp","63456"
"https://cdn.prod.website-files.com/67d0a8a9156b7b7bd46ffdfd/67f6f9e48154b0dfb54e1335_image.webp","200","image/webp","60632"
"https://cdn.prod.website-files.com/67d0a8a9156b7b7bd46ffdfd/67f6fb2998cb5a272cc02e10_image.webp","200","image/webp","42740"
"https://cdn.prod.website-files.com/67d0a8a9156b7b7bd46ffdfd/680ea7b745d4733c1b0e8ee4_Favicon%202%20(3)%201.png","200","image/png","12505"
"https://cdn.prod.website-files.com/67d0a8a9156b7b7bd46ffdfd/680ea840138b8d02bce42dc3_Favicon%202%20(4).png","200","image/png","777"
"https://cdn.prod.website-files.com/67d0a8a9156b7b7bd46ffdfd/69efaa71565c909ea9dbb2a2_frame-1%20(1).png","200","image/png","29609"
"https://cdn.prod.website-files.com/67d0a8a9156b7b7bd46ffdfd/69efab1726af63e0470df6ab_frame-1%20(2).png","200","image/png","30109"
"https://cdn.prod.website-files.com/67d0a8a9156b7b7bd46ffdfd/69f39072e5d1496fe62a7ce5_frame-1%20(3)%201.webp","200","image/webp","55954"
"https://cdn.prod.website-files.com/67d0a8a9156b7b7bd46ffdfd/css/greenboard-00.shared.57c976e80.css","200","text/css","275967"
"https://cdn.prod.website-files.com/67d0a8a9156b7b7bd46ffdfd/js/greenboard-00.0d162371.8614de198f9d7870.js","200","text/javascript","1093"
"https://cdn.prod.website-files.com/67d0a8a9156b7b7bd46ffdfd/js/greenboard-00.schunk.57706da51b32327c.js","200","text/javascript","54739"
"https://cdn.prod.website-files.com/67d0a8a9156b7b7bd46ffe28/67f2e9af6e91cb7c99130f40_logo%2046.webp","200","image/webp","3750"
"https://cdn.prod.website-files.com/67d0a8a9156b7b7bd46ffe28/67f2ea09ebce38c6432bfaf4_logo%2055.webp","200","image/webp","2728"
"https://cdn.prod.website-files.com/67d0a8a9156b7b7bd46ffe28/67f2ea3a973e5fa8ac1bbd85_logo%2049.webp","200","image/webp","2912"
"https://cdn.prod.website-files.com/67d0a8a9156b7b7bd46ffe28/67fc5c481b7d14a179cf6394_logo%209.svg","200","image/svg+xml","6377"
"https://cdn.prod.website-files.com/67d0a8a9156b7b7bd46ffe28/69b4350fff4ac570c4084e31_486125642_1387597855997201_6592963254432942939_n.webp","200","image/webp","17140"
"https://cdn.prod.website-files.com/67d0a8a9156b7b7bd46ffe28/69b46475e8076e33e3ae9884_root%20logo.webp","200","image/webp","1238"
"https://cdn.prod.website-files.com/67d0a8a9156b7b7bd46ffe28/69c6bbf4fe69ad969b18391a_Group%202147256215.webp","200","image/webp","2458"
"https://cdn.prod.website-files.com/67d0a8a9156b7b7bd46ffe28/69c6c1a6a9d1f75769cada17_Press-Kit_Desktop_Logos-image-1__1_-removebg-preview.webp","200","image/webp","12552"
"https://cdn.prod.website-files.com/67d0a8a9156b7b7bd46ffe28/69c6cbc4943f643cb74058de_Betterment-wordmark-logo.svg.webp","200","image/webp","13542"
"https://cdn.prod.website-files.com/67d0a8a9156b7b7bd46ffe28/69c6cc479629c655f6037ff6_cropped-cropped-tobias-logo-1.webp","200","image/webp","9168"
"https://cdn.prod.website-files.com/67d0a8a9156b7b7bd46ffe28/69c6cc801ade21c4f179c335_AE_Logo.webp","200","image/webp","6504"
"https://cdn.prod.website-files.com/67d0a8a9156b7b7bd46ffe28/69c6ccfa19465f31a3fb49e7_matter%20family%20%20(1).webp","200","image/webp","4552"
"https://cdn.prod.website-files.com/67d0a8a9156b7b7bd46ffe28/69c6cdaaff381729c7f95e5a_Compound%20(1).webp","200","image/webp","4996"
"https://cdn.prod.website-files.com/67d0a8a9156b7b7bd46ffe28/69c6ceb54cb51ad080945403_harbert_management_corporation__1___2_-removebg-preview.webp","200","image/webp","30684"
"https://cdn.prod.website-files.com/67d0a8a9156b7b7bd46ffe28/69c6cee1e37b5910765e5254_jmg-financial-group%20(1).webp","200","image/webp","5274"
"https://cdn.prod.website-files.com/67d0a8a9156b7b7bd46ffe28/69c6cf1d0eed8c1aa7426c0b_Chicago-Partners-Master-Logo-2024%20(1).png","200","image/png","85919"
"https://cdn.prod.website-files.com/67d0a8a9156b7b7bd46ffe28/69c6cf42d4657da497056218_Retirable-Logo%20(1).webp","200","image/webp","2330"
"https://cdn.prod.website-files.com/67d0a8a9156b7b7bd46ffe28/69c70a594fec4ba1c054c554_triad_new___1_-removebg-preview.webp","200","image/webp","20706"
"https://cdn.prod.website-files.com/67d0a8a9156b7b7bd46ffe28/69c70c01535dc6c7017ed953_accolade-partners-logo-350-200px.webp","200","image/webp","8978"
"https://cdn.prod.website-files.com/67d0a8a9156b7b7bd46ffe28/69c70ca57f463ee6be33795f_bd4826f0-f249-4fbe-8e14-4322718a8d78.webp","200","image/webp","10952"
"https://cdn.prod.website-files.com/67d0a8a9156b7b7bd46ffe28/69c71039e9af4d9cb443b94e_Your%20paragraph%20text%20(4).webp","200","image/webp","19030"
"https://cdn.prod.website-files.com/67d0a8a9156b7b7bd46ffe28/69c72033cb8f03f0ef9365ca_fiduciary%20.webp","200","image/webp","119694"
"https://cdn.prod.website-files.com/67d0a8a9156b7b7bd46ffe28/69c721540534b8374be0735f_Onyx-Bridge-Logo.webp","200","image/webp","9574"
"https://cdn.prod.website-files.com/67d0a8a9156b7b7bd46ffe28/69c72184cdba372e78c6ec15_bsw-logo.webp","200","image/webp","30524"
"https://cdn.prod.website-files.com/67d0a8a9156b7b7bd46ffe28/69ca7a66a6f2764123c0125e_ite_management_-removebg-preview.webp","200","image/webp","5738"
"https://cdn.prod.website-files.com/67d0a8a9156b7b7bd46ffe28/69ca7af5ea2d23d6ad9edd30_DXD%20Logo%20Square%20Trans.webp","200","image/webp","12426"
"https://cdn.prod.website-files.com/67d0a8a9156b7b7bd46ffe28/69ca80a5945cc9559d329d9b_Summit_Global_Logo__1_-removebg-preview.webp","200","image/webp","18638"
"https://cdn.prod.website-files.com/67d0a8a9156b7b7bd46ffe28/69ca8abb203cd8a82a519699_69c6cb6bd67b2383c644b7fa_KROLL_TM_LOGO_RGB_137x32-01%20(2).svg","200","image/svg+xml","1404"
"https://cdn.prod.website-files.com/67d0a8a9156b7b7bd46ffe28/69dcf4e4bfdb6cde993ab571_Why%20Systems%20Break%20Down%20-%203.webp","200","image/webp","257256"
"https://cdn.prod.website-files.com/67d0a8a9156b7b7bd46ffe28/69f8c3b0d32ec5f15a6967e0_jmg-financial-group-300x97.webp","200","image/webp","7528"
"https://cdn.prod.website-files.com/67d0a8a9156b7b7bd46ffe28/69f8c3fd3419118d8d43b3a0_image.webp","200","image/webp","18578"
"https://cdn.prod.website-files.com/67d0a8a9156b7b7bd46ffe28/69fa3f660cd1739dbd583a5e_69b47701be637723136200c5_alex%20stickelman.webp","200","image/webp","30790"
"https://cdn.prod.website-files.com/67d0a8a9156b7b7bd46ffe28/69fa44706c819c5f7001ff7b_Doug-24.webp","200","image/webp","29652"
"https://cdn.prod.website-files.com/67d0a8a9156b7b7bd46ffe28/69fbd5e32c42b9a8e450a1fc_fsg-logo-final-transparent.png","200","image/png","231889"
"https://cdn.prod.website-files.com/67d0a8a9156b7b7bd46ffe28/69fe3bac8e95c58c869b8bda_image%20(6).png","200","image/png","380780"
"https://cdn.prod.website-files.com/67d0a8a9156b7b7bd46ffe28/69fe3fe47bb5a3323fcc4937_cendana.png","200","image/png","5873"
"https://cdn.prod.website-files.com/gsap/3.15.0/Flip.min.js","200","text/javascript","25534"
"https://cdn.prod.website-files.com/gsap/3.15.0/gsap.min.js","200","text/javascript","72927"
"https://cdn.prod.website-files.com/gsap/3.15.0/Observer.min.js","200","text/javascript","10014"
"https://cdn.prod.website-files.com/gsap/3.15.0/ScrollTrigger.min.js","200","text/javascript","44575"
"https://cdn.prod.website-files.com/plugins/Basic/assets/placeholder.60f9b1840c.svg","403","",""
"https://cdn.vector.co/pixel.js","200","text/javascript","219813"
"https://d3e54v103j8qbb.cloudfront.net/js/jquery-3.5.1.min.dc5e7f18c8.js?site=67d0a8a9156b7b7bd46ffdfd","200","application/javascript","89476"
"https://d8j0ntlcm91z4.cloudfront.net/user_31TuKiO5xqAloW3PvanQ4fcgEXR/hf_20260622_225140_d0b0b44a-e63b-43c8-9c27-a822d2e8733f.png","200","image/png","1890624"
"https://d8j0ntlcm91z4.cloudfront.net/user_31TuKiO5xqAloW3PvanQ4fcgEXR/hf_20260622_225412_adf3264c-437b-406b-b29b-6bdbd0cef038.png","200","image/png","1939536"
"https://d8j0ntlcm91z4.cloudfront.net/user_31TuKiO5xqAloW3PvanQ4fcgEXR/hf_20260622_225648_3c896523-a378-43d0-8402-e14a4654e641.png","200","image/png","1825692"
"https://d8j0ntlcm91z4.cloudfront.net/user_31TuKiO5xqAloW3PvanQ4fcgEXR/hf_20260622_225928_b7643d27-7073-4ae0-abdc-a0530dc0675b.png","200","image/png","1955141"
"https://d8j0ntlcm91z4.cloudfront.net/user_31TuKiO5xqAloW3PvanQ4fcgEXR/hf_20260622_230300_42780334-b4cb-4ea5-bb74-f3a62ba91f26.png","200","image/png","1849908"
"https://hubspotv2.use1-marketplace-1p-apps-prod-red.if.webflow.services/static/disable-hubspot-chatbot.js","200","text/javascript; charset=utf-8","105"
"https://js.hs-scripts.com/243932974.js","200","application/javascript;charset=utf-8",
"https://meetings-na2.hubspot.com/mark-michael/greenstreet-book-a-demo-page?embed=true","200","text/html; charset=utf-8",
"https://my.greenstreet.com/","200","text/html; charset=utf-8",
"https://static.claydar.com/init.v1.js?id=cLdrmDs6Z0","200","application/javascript","1365"
"https://static.hsappstatic.net/MeetingsEmbed/ex/MeetingsEmbedCode.js","200","application/javascript",
"https://trust.greenstreet.com","ERR","",""
"https://www.googletagmanager.com/ns.html?id=GTM-WB2F5WH6","200","text/html; charset=UTF-8",
"https://www.greenstreet.com","200","text/html; charset=UTF-8",
